[
  { "code": "E92000001", "name": "England" },
  { "code": "E07000223", "name": "Adur" },
  { "code": "E07000032", "name": "Amber Valley" },
  { "code": "E07000224", "name": "Arun" },
  { "code": "E07000170", "name": "Ashfield" },
  { "code": "E07000105", "name": "Ashford" },
  { "code": "E07000200", "name": "Babergh" },
  { "code": "E09000002", "name": "Barking and Dagenham" },
  { "code": "E09000003", "name": "Barnet" },
  { "code": "E08000016", "name": "Barnsley" },
  { "code": "E07000066", "name": "Basildon" },
  { "code": "E07000084", "name": "Basingstoke and Deane" },
  { "code": "E07000171", "name": "Bassetlaw" },
  { "code": "E06000022", "name": "Bath and North East Somerset" },
  { "code": "E54000040", "name": "Bath and North East Somerset, Swindon and Wiltshire ICB" },
  { "code": "E06000055", "name": "Bedford" },
  { "code": "E54000024", "name": "Bedfordshire, Luton and Milton Keynes ICB" },
  { "code": "E09000004", "name": "Bexley" },
  { "code": "E08000025", "name": "Birmingham" },
  { "code": "E54000055", "name": "Birmingham and Solihull ICB" },
  { "code": "E07000129", "name": "Blaby" },
  { "code": "E54000062", "name": "Black Country ICB" },
  { "code": "E06000008", "name": "Blackburn with Darwen" },
  { "code": "E06000009", "name": "Blackpool" },
  { "code": "E07000033", "name": "Bolsover" },
  { "code": "E08000001", "name": "Bolton" },
  { "code": "E07000136", "name": "Boston" },
  { "code": "E06000058", "name": "Bournemouth, Christchurch and Poole" },
  { "code": "E06000036", "name": "Bracknell Forest" },
  { "code": "E08000032", "name": "Bradford" },
  { "code": "E07000067", "name": "Braintree" },
  { "code": "E07000143", "name": "Breckland" },
  { "code": "E09000005", "name": "Brent" },
  { "code": "E07000068", "name": "Brentwood" },
  { "code": "E06000043", "name": "Brighton and Hove" },
  { "code": "E06000023", "name": "Bristol, City of" },
  { "code": "E54000039", "name": "Bristol, North Somerset and South Gloucestershire ICB" },
  { "code": "E07000144", "name": "Broadland" },
  { "code": "E09000006", "name": "Bromley" },
  { "code": "E07000234", "name": "Bromsgrove" },
  { "code": "E07000095", "name": "Broxbourne" },
  { "code": "E07000172", "name": "Broxtowe" },
  { "code": "E06000060", "name": "Buckinghamshire" },
  { "code": "E54000044", "name": "Buckinghamshire, Oxfordshire and Berkshire West ICB" },
  { "code": "E07000117", "name": "Burnley" },
  { "code": "E08000002", "name": "Bury" },
  { "code": "E08000033", "name": "Calderdale" },
  { "code": "E07000008", "name": "Cambridge" },
  { "code": "E10000003", "name": "Cambridgeshire" },
  { "code": "E54000056", "name": "Cambridgeshire and Peterborough ICB" },
  { "code": "E09000007", "name": "Camden" },
  { "code": "E07000192", "name": "Cannock Chase" },
  { "code": "E07000106", "name": "Canterbury" },
  { "code": "E07000069", "name": "Castle Point" },
  { "code": "E06000056", "name": "Central Bedfordshire" },
  { "code": "E07000130", "name": "Charnwood" },
  { "code": "E07000070", "name": "Chelmsford" },
  { "code": "E07000078", "name": "Cheltenham" },
  { "code": "E07000177", "name": "Cherwell" },
  { "code": "E06000049", "name": "Cheshire East" },
  { "code": "E06000050", "name": "Cheshire West and Chester" },
  { "code": "E54000008", "name": "Cheshire and Merseyside ICB" },
  { "code": "E07000034", "name": "Chesterfield" },
  { "code": "E07000225", "name": "Chichester" },
  { "code": "E07000118", "name": "Chorley" },
  { "code": "E09000001", "name": "City of London" },
  { "code": "E07000071", "name": "Colchester" },
  { "code": "E06000052", "name": "Cornwall" },
  { "code": "E54000036", "name": "Cornwall and the Isles of Scilly ICB" },
  { "code": "E07000079", "name": "Cotswold" },
  { "code": "E06000047", "name": "County Durham" },
  { "code": "E08000026", "name": "Coventry" },
  { "code": "E54000018", "name": "Coventry and Warwickshire ICB" },
  { "code": "E07000226", "name": "Crawley" },
  { "code": "E09000008", "name": "Croydon" },
  { "code": "E06000063", "name": "Cumberland" },
  { "code": "E07000096", "name": "Dacorum" },
  { "code": "E06000005", "name": "Darlington" },
  { "code": "E07000107", "name": "Dartford" },
  { "code": "E06000015", "name": "Derby" },
  { "code": "E54000058", "name": "Derby and Derbyshire ICB" },
  { "code": "E10000007", "name": "Derbyshire" },
  { "code": "E07000035", "name": "Derbyshire Dales" },
  { "code": "E10000008", "name": "Devon" },
  { "code": "E54000037", "name": "Devon ICB" },
  { "code": "E08000017", "name": "Doncaster" },
  { "code": "E06000059", "name": "Dorset" },
  { "code": "E54000041", "name": "Dorset ICB" },
  { "code": "E07000108", "name": "Dover" },
  { "code": "E08000027", "name": "Dudley" },
  { "code": "E09000009", "name": "Ealing" },
  { "code": "E07000009", "name": "East Cambridgeshire" },
  { "code": "E07000040", "name": "East Devon" },
  { "code": "E07000085", "name": "East Hampshire" },
  { "code": "E07000242", "name": "East Hertfordshire" },
  { "code": "E07000137", "name": "East Lindsey" },
  { "code": "E06000011", "name": "East Riding of Yorkshire" },
  { "code": "E07000193", "name": "East Staffordshire" },
  { "code": "E07000244", "name": "East Suffolk" },
  { "code": "E10000011", "name": "East Sussex" },
  { "code": "E07000061", "name": "Eastbourne" },
  { "code": "E07000086", "name": "Eastleigh" },
  { "code": "E07000207", "name": "Elmbridge" },
  { "code": "E09000010", "name": "Enfield" },
  { "code": "E07000072", "name": "Epping Forest" },
  { "code": "E07000208", "name": "Epsom and Ewell" },
  { "code": "E07000036", "name": "Erewash" },
  { "code": "E10000012", "name": "Essex" },
  { "code": "E07000041", "name": "Exeter" },
  { "code": "E07000087", "name": "Fareham" },
  { "code": "E07000010", "name": "Fenland" },
  { "code": "E07000112", "name": "Folkestone and Hythe" },
  { "code": "E07000080", "name": "Forest of Dean" },
  { "code": "E54000034", "name": "Frimley ICB" },
  { "code": "E07000119", "name": "Fylde" },
  { "code": "E08000037", "name": "Gateshead" },
  { "code": "E07000173", "name": "Gedling" },
  { "code": "E07000081", "name": "Gloucester" },
  { "code": "E10000013", "name": "Gloucestershire" },
  { "code": "E54000043", "name": "Gloucestershire ICB" },
  { "code": "E07000088", "name": "Gosport" },
  { "code": "E07000109", "name": "Gravesham" },
  { "code": "E07000145", "name": "Great Yarmouth" },
  { "code": "E54000057", "name": "Greater Manchester ICB" },
  { "code": "E09000011", "name": "Greenwich" },
  { "code": "E07000209", "name": "Guildford" },
  { "code": "E09000012", "name": "Hackney" },
  { "code": "E06000006", "name": "Halton" },
  { "code": "E09000013", "name": "Hammersmith and Fulham" },
  { "code": "E10000014", "name": "Hampshire" },
  { "code": "E54000042", "name": "Hampshire and Isle of Wight ICB" },
  { "code": "E07000131", "name": "Harborough" },
  { "code": "E09000014", "name": "Haringey" },
  { "code": "E07000073", "name": "Harlow" },
  { "code": "E09000015", "name": "Harrow" },
  { "code": "E07000089", "name": "Hart" },
  { "code": "E06000001", "name": "Hartlepool" },
  { "code": "E07000062", "name": "Hastings" },
  { "code": "E07000090", "name": "Havant" },
  { "code": "E09000016", "name": "Havering" },
  { "code": "E54000019", "name": "Herefordshire and Worcestershire ICB" },
  { "code": "E06000019", "name": "Herefordshire, County of" },
  { "code": "E10000015", "name": "Hertfordshire" },
  { "code": "E54000025", "name": "Hertfordshire and West Essex ICB" },
  { "code": "E07000098", "name": "Hertsmere" },
  { "code": "E07000037", "name": "High Peak" },
  { "code": "E09000017", "name": "Hillingdon" },
  { "code": "E07000132", "name": "Hinckley and Bosworth" },
  { "code": "E07000227", "name": "Horsham" },
  { "code": "E09000018", "name": "Hounslow" },
  { "code": "E54000051", "name": "Humber and North Yorkshire ICB" },
  { "code": "E07000011", "name": "Huntingdonshire" },
  { "code": "E07000120", "name": "Hyndburn" },
  { "code": "E07000202", "name": "Ipswich" },
  { "code": "E06000046", "name": "Isle of Wight" },
  { "code": "E06000053", "name": "Isles of Scilly" },
  { "code": "E09000019", "name": "Islington" },
  { "code": "E09000020", "name": "Kensington and Chelsea" },
  { "code": "E10000016", "name": "Kent" },
  { "code": "E54000032", "name": "Kent and Medway ICB" },
  { "code": "E07000146", "name": "King's Lynn and West Norfolk" },
  { "code": "E06000010", "name": "Kingston upon Hull, City of" },
  { "code": "E09000021", "name": "Kingston upon Thames" },
  { "code": "E08000034", "name": "Kirklees" },
  { "code": "E08000011", "name": "Knowsley" },
  { "code": "E09000022", "name": "Lambeth" },
  { "code": "E10000017", "name": "Lancashire" },
  { "code": "E54000048", "name": "Lancashire and South Cumbria ICB" },
  { "code": "E07000121", "name": "Lancaster" },
  { "code": "E08000035", "name": "Leeds" },
  { "code": "E06000016", "name": "Leicester" },
  { "code": "E54000015", "name": "Leicester, Leicestershire and Rutland ICB" },
  { "code": "E10000018", "name": "Leicestershire" },
  { "code": "E07000063", "name": "Lewes" },
  { "code": "E09000023", "name": "Lewisham" },
  { "code": "E07000194", "name": "Lichfield" },
  { "code": "E07000138", "name": "Lincoln" },
  { "code": "E10000019", "name": "Lincolnshire" },
  { "code": "E54000013", "name": "Lincolnshire ICB" },
  { "code": "E08000012", "name": "Liverpool" },
  { "code": "E06000032", "name": "Luton" },
  { "code": "E07000110", "name": "Maidstone" },
  { "code": "E07000074", "name": "Maldon" },
  { "code": "E07000235", "name": "Malvern Hills" },
  { "code": "E08000003", "name": "Manchester" },
  { "code": "E07000174", "name": "Mansfield" },
  { "code": "E06000035", "name": "Medway" },
  { "code": "E07000133", "name": "Melton" },
  { "code": "E09000024", "name": "Merton" },
  { "code": "E07000042", "name": "Mid Devon" },
  { "code": "E07000203", "name": "Mid Suffolk" },
  { "code": "E07000228", "name": "Mid Sussex" },
  { "code": "E54000026", "name": "Mid and South Essex ICB" },
  { "code": "E06000002", "name": "Middlesbrough" },
  { "code": "E06000042", "name": "Milton Keynes" },
  { "code": "E07000210", "name": "Mole Valley" },
  { "code": "E07000091", "name": "New Forest" },
  { "code": "E07000175", "name": "Newark and Sherwood" },
  { "code": "E08000021", "name": "Newcastle upon Tyne" },
  { "code": "E07000195", "name": "Newcastle-under-Lyme" },
  { "code": "E09000025", "name": "Newham" },
  { "code": "E10000020", "name": "Norfolk" },
  { "code": "E54000022", "name": "Norfolk and Waveney ICB" },
  { "code": "E54000028", "name": "North Central London ICB" },
  { "code": "E07000043", "name": "North Devon" },
  { "code": "E07000038", "name": "North East Derbyshire" },
  { "code": "E06000012", "name": "North East Lincolnshire" },
  { "code": "E54000029", "name": "North East London ICB" },
  { "code": "E54000050", "name": "North East and North Cumbria ICB" },
  { "code": "E07000099", "name": "North Hertfordshire" },
  { "code": "E07000139", "name": "North Kesteven" },
  { "code": "E06000013", "name": "North Lincolnshire" },
  { "code": "E07000147", "name": "North Norfolk" },
  { "code": "E06000061", "name": "North Northamptonshire" },
  { "code": "E06000024", "name": "North Somerset" },
  { "code": "E08000022", "name": "North Tyneside" },
  { "code": "E07000218", "name": "North Warwickshire" },
  { "code": "E07000134", "name": "North West Leicestershire" },
  { "code": "E54000027", "name": "North West London ICB" },
  { "code": "E06000065", "name": "North Yorkshire" },
  { "code": "E54000059", "name": "Northamptonshire ICB" },
  { "code": "E06000057", "name": "Northumberland" },
  { "code": "E07000148", "name": "Norwich" },
  { "code": "E06000018", "name": "Nottingham" },
  { "code": "E54000060", "name": "Nottingham and Nottinghamshire ICB" },
  { "code": "E10000024", "name": "Nottinghamshire" },
  { "code": "E07000219", "name": "Nuneaton and Bedworth" },
  { "code": "E07000135", "name": "Oadby and Wigston" },
  { "code": "E08000004", "name": "Oldham" },
  { "code": "E07000178", "name": "Oxford" },
  { "code": "E10000025", "name": "Oxfordshire" },
  { "code": "E07000122", "name": "Pendle" },
  { "code": "E06000031", "name": "Peterborough" },
  { "code": "E06000026", "name": "Plymouth" },
  { "code": "E06000044", "name": "Portsmouth" },
  { "code": "E07000123", "name": "Preston" },
  { "code": "E06000038", "name": "Reading" },
  { "code": "E09000026", "name": "Redbridge" },
  { "code": "E06000003", "name": "Redcar and Cleveland" },
  { "code": "E07000236", "name": "Redditch" },
  { "code": "E07000211", "name": "Reigate and Banstead" },
  { "code": "E07000124", "name": "Ribble Valley" },
  { "code": "E09000027", "name": "Richmond upon Thames" },
  { "code": "E08000005", "name": "Rochdale" },
  { "code": "E07000075", "name": "Rochford" },
  { "code": "E07000125", "name": "Rossendale" },
  { "code": "E07000064", "name": "Rother" },
  { "code": "E08000018", "name": "Rotherham" },
  { "code": "E07000220", "name": "Rugby" },
  { "code": "E07000212", "name": "Runnymede" },
  { "code": "E07000176", "name": "Rushcliffe" },
  { "code": "E07000092", "name": "Rushmoor" },
  { "code": "E06000017", "name": "Rutland" },
  { "code": "E08000006", "name": "Salford" },
  { "code": "E08000028", "name": "Sandwell" },
  { "code": "E08000014", "name": "Sefton" },
  { "code": "E07000111", "name": "Sevenoaks" },
  { "code": "E08000019", "name": "Sheffield" },
  { "code": "E06000051", "name": "Shropshire" },
  { "code": "E54000011", "name": "Shropshire, Telford and Wrekin ICB" },
  { "code": "E06000039", "name": "Slough" },
  { "code": "E08000029", "name": "Solihull" },
  { "code": "E06000066", "name": "Somerset" },
  { "code": "E54000038", "name": "Somerset ICB" },
  { "code": "E07000012", "name": "South Cambridgeshire" },
  { "code": "E07000039", "name": "South Derbyshire" },
  { "code": "E54000030", "name": "South East London ICB" },
  { "code": "E06000025", "name": "South Gloucestershire" },
  { "code": "E07000044", "name": "South Hams" },
  { "code": "E07000140", "name": "South Holland" },
  { "code": "E07000141", "name": "South Kesteven" },
  { "code": "E07000149", "name": "South Norfolk" },
  { "code": "E07000179", "name": "South Oxfordshire" },
  { "code": "E07000126", "name": "South Ribble" },
  { "code": "E07000196", "name": "South Staffordshire" },
  { "code": "E08000023", "name": "South Tyneside" },
  { "code": "E54000031", "name": "South West London ICB" },
  { "code": "E54000061", "name": "South Yorkshire ICB" },
  { "code": "E06000045", "name": "Southampton" },
  { "code": "E06000033", "name": "Southend-on-Sea" },
  { "code": "E09000028", "name": "Southwark" },
  { "code": "E07000213", "name": "Spelthorne" },
  { "code": "E07000240", "name": "St Albans" },
  { "code": "E08000013", "name": "St. Helens" },
  { "code": "E07000197", "name": "Stafford" },
  { "code": "E10000028", "name": "Staffordshire" },
  { "code": "E07000198", "name": "Staffordshire Moorlands" },
  { "code": "E54000010", "name": "Staffordshire and Stoke-on-Trent ICB" },
  { "code": "E07000243", "name": "Stevenage" },
  { "code": "E08000007", "name": "Stockport" },
  { "code": "E06000004", "name": "Stockton-on-Tees" },
  { "code": "E06000021", "name": "Stoke-on-Trent" },
  { "code": "E07000221", "name": "Stratford-on-Avon" },
  { "code": "E07000082", "name": "Stroud" },
  { "code": "E10000029", "name": "Suffolk" },
  { "code": "E54000023", "name": "Suffolk and North East Essex ICB" },
  { "code": "E08000024", "name": "Sunderland" },
  { "code": "E10000030", "name": "Surrey" },
  { "code": "E54000063", "name": "Surrey Heartlands ICB" },
  { "code": "E07000214", "name": "Surrey Heath" },
  { "code": "E54000064", "name": "Sussex ICB" },
  { "code": "E09000029", "name": "Sutton" },
  { "code": "E07000113", "name": "Swale" },
  { "code": "E06000030", "name": "Swindon" },
  { "code": "E08000008", "name": "Tameside" },
  { "code": "E07000199", "name": "Tamworth" },
  { "code": "E07000215", "name": "Tandridge" },
  { "code": "E07000045", "name": "Teignbridge" },
  { "code": "E06000020", "name": "Telford and Wrekin" },
  { "code": "E07000076", "name": "Tendring" },
  { "code": "E07000093", "name": "Test Valley" },
  { "code": "E07000083", "name": "Tewkesbury" },
  { "code": "E07000114", "name": "Thanet" },
  { "code": "E07000102", "name": "Three Rivers" },
  { "code": "E06000034", "name": "Thurrock" },
  { "code": "E07000115", "name": "Tonbridge and Malling" },
  { "code": "E06000027", "name": "Torbay" },
  { "code": "E07000046", "name": "Torridge" },
  { "code": "E09000030", "name": "Tower Hamlets" },
  { "code": "E08000009", "name": "Trafford" },
  { "code": "E07000116", "name": "Tunbridge Wells" },
  { "code": "E07000077", "name": "Uttlesford" },
  { "code": "E07000180", "name": "Vale of White Horse" },
  { "code": "E08000036", "name": "Wakefield" },
  { "code": "E08000030", "name": "Walsall" },
  { "code": "E09000031", "name": "Waltham Forest" },
  { "code": "E09000032", "name": "Wandsworth" },
  { "code": "E06000007", "name": "Warrington" },
  { "code": "E07000222", "name": "Warwick" },
  { "code": "E10000031", "name": "Warwickshire" },
  { "code": "E07000103", "name": "Watford" },
  { "code": "E07000216", "name": "Waverley" },
  { "code": "E07000065", "name": "Wealden" },
  { "code": "E07000241", "name": "Welwyn Hatfield" },
  { "code": "E06000037", "name": "West Berkshire" },
  { "code": "E07000047", "name": "West Devon" },
  { "code": "E07000127", "name": "West Lancashire" },
  { "code": "E07000142", "name": "West Lindsey" },
  { "code": "E06000062", "name": "West Northamptonshire" },
  { "code": "E07000181", "name": "West Oxfordshire" },
  { "code": "E07000245", "name": "West Suffolk" },
  { "code": "E10000032", "name": "West Sussex" },
  { "code": "E54000054", "name": "West Yorkshire ICB" },
  { "code": "E09000033", "name": "Westminster" },
  { "code": "E06000064", "name": "Westmorland and Furness" },
  { "code": "E08000010", "name": "Wigan" },
  { "code": "E06000054", "name": "Wiltshire" },
  { "code": "E07000094", "name": "Winchester" },
  { "code": "E06000040", "name": "Windsor and Maidenhead" },
  { "code": "E08000015", "name": "Wirral" },
  { "code": "E07000217", "name": "Woking" },
  { "code": "E06000041", "name": "Wokingham" },
  { "code": "E08000031", "name": "Wolverhampton" },
  { "code": "E07000237", "name": "Worcester" },
  { "code": "E10000034", "name": "Worcestershire" },
  { "code": "E07000229", "name": "Worthing" },
  { "code": "E07000238", "name": "Wychavon" },
  { "code": "E07000128", "name": "Wyre" },
  { "code": "E07000239", "name": "Wyre Forest" },
  { "code": "E06000014", "name": "York" }
]